<?xml version="1.0" encoding="UTF-8"?>
    <addon id="repository.slack" name="[COLOR blue]Slack's Addon Repo[/COLOR]" version="2.0.1" provider-name="Slack">
        <requires>
            <import addon="xbmc.addon" version="12.0.0"/>
        </requires>
        <extension point="xbmc.addon.repository" name="[COLOR blue]Slack's Addon Repo[/COLOR]">
            <info compressed="false">https://github.com/slack8182/teverz/raw/master/_repo/addons.xml</info>
            <checksum>https://github.com/slack8182/teverz/raw/master/_repo/addons.xml.md5</checksum>
            <datadir zip="true">https://github.com/dlack8182/teverz/raw/master/_repo/</datadir>
            <hashes>false</hashes>
        </extension>
        <extension point="xbmc.addon.metadata">
            <summary>Contains Slack's Kodi Wizard</summary>
            <description>Great Repo for a great wizard</description>
            <platform>all</platform>
    </extension>
</addon>